{"$schema":"http://schema.management.azure.com/schemas/2015-01-01/deploymentTemplate.json#","contentVersion":"1.0.0.0","parameters":{"workspaceName":{"type":"string","metadata":"Workspace name","defaultValue":"datasaturdaybrws"},"AzureSQL":{"type":"string"}},"variables":{"workspaceId":"[concat('Microsoft.Synapse/workspaces/', parameters('workspaceName'))]"},"resources":[{"name":"[concat(parameters('workspaceName'), '/08 - Metadadata Table')]","type":"Microsoft.Synapse/workspaces/pipelines","apiVersion":"2019-06-01-preview","properties":{"activities":[{"name":"GetTables","type":"Lookup","dependsOn":[],"policy":{"timeout":"0.12:00:00","retry":0,"retryIntervalInSeconds":30,"secureOutput":false,"secureInput":false},"userProperties":[],"typeProperties":{"source":{"type":"SqlServerSource","sqlReaderQuery":"SELECT * FROM [dbo].[MetadataTableControl]","queryTimeout":"02:00:00","partitionOption":"None"},"dataset":{"referenceName":"AzureSQLFixed","type":"DatasetReference","parameters":{}},"firstRowOnly":false}},{"name":"ForEach","type":"ForEach","dependsOn":[{"activity":"GetTables","dependencyConditions":["Succeeded"]}],"userProperties":[],"typeProperties":{"items":{"value":"@activity('GetTables').output.value","type":"Expression"},"activities":[{"name":"Copy Tables","type":"Copy","dependsOn":[{"activity":"Script","dependencyConditions":["Succeeded"]}],"policy":{"timeout":"0.12:00:00","retry":0,"retryIntervalInSeconds":30,"secureOutput":false,"secureInput":false},"userProperties":[],"typeProperties":{"source":{"type":"SqlServerSource","queryTimeout":"02:00:00","partitionOption":"None"},"sink":{"type":"SqlServerSink","writeBehavior":"insert","sqlWriterUseTableLock":false},"enableStaging":false,"translator":{"type":"TabularTranslator","typeConversion":true,"typeConversionSettings":{"allowDataTruncation":true,"treatBooleanAsNumber":false}}},"inputs":[{"referenceName":"AzureSQL","type":"DatasetReference","parameters":{"schema":{"value":"@item().SourceSchema1","type":"Expression"},"tablename":{"value":"@item().SourceControl1","type":"Expression"}}}],"outputs":[{"referenceName":"AzureSQL","type":"DatasetReference","parameters":{"schema":{"value":"@item().DestinationSchema1","type":"Expression"},"tablename":{"value":"@item().DestinationControl1","type":"Expression"}}}]},{"name":"Script","type":"Script","dependsOn":[],"policy":{"timeout":"0.12:00:00","retry":0,"retryIntervalInSeconds":30,"secureOutput":false,"secureInput":false},"userProperties":[],"linkedServiceName":{"referenceName":"[parameters('AzureSQL')]","type":"LinkedServiceReference"},"typeProperties":{"scripts":[{"type":"Query","text":{"value":"@concat(string('TRUNCATE TABLE '), item().DestinationControl1) ","type":"Expression"}}],"scriptBlockExecutionTimeout":"02:00:00"}}]}}],"policy":{"elapsedTimeMetric":{},"cancelAfter":{}},"folder":{"name":"Best Practices"},"annotations":[],"lastPublishTime":"2022-11-02T02:38:10Z"},"dependsOn":["[concat(variables('workspaceId'), '/datasets/AzureSQLFixed')]","[concat(variables('workspaceId'), '/datasets/AzureSQL')]"]},{"name":"[concat(parameters('workspaceName'), '/AzureSQLFixed')]","type":"Microsoft.Synapse/workspaces/datasets","apiVersion":"2019-06-01-preview","properties":{"linkedServiceName":{"referenceName":"[parameters('AzureSQL')]","type":"LinkedServiceReference"},"annotations":[],"type":"SqlServerTable","schema":[],"typeProperties":{"schema":"","table":""}},"dependsOn":[]},{"name":"[concat(parameters('workspaceName'), '/AzureSQL')]","type":"Microsoft.Synapse/workspaces/datasets","apiVersion":"2019-06-01-preview","properties":{"linkedServiceName":{"referenceName":"[parameters('AzureSQL')]","type":"LinkedServiceReference"},"parameters":{"schema":{"type":"string"},"tablename":{"type":"string"}},"annotations":[],"type":"SqlServerTable","schema":[],"typeProperties":{"schema":{"value":"@dataset().schema","type":"Expression"},"table":{"value":"@dataset().tablename","type":"Expression"}}},"dependsOn":[]}]}