{"$schema":"http://schema.management.azure.com/schemas/2015-01-01/deploymentTemplate.json#","contentVersion":"1.0.0.0","parameters":{"workspaceName":{"type":"string","metadata":"Workspace name","defaultValue":"datasaturdaybrws"}},"variables":{"workspaceId":"[concat('Microsoft.Synapse/workspaces/', parameters('workspaceName'))]"},"resources":[{"name":"[concat(parameters('workspaceName'), '/Refresh Power BI')]","type":"Microsoft.Synapse/workspaces/pipelines","apiVersion":"2019-06-01-preview","properties":{"activities":[{"name":"ClientID","type":"WebActivity","dependsOn":[],"policy":{"timeout":"0.12:00:00","retry":0,"retryIntervalInSeconds":30,"secureOutput":false,"secureInput":false},"userProperties":[],"typeProperties":{"url":"https://akv-datasaturdaybr.vault.azure.net/secrets/SP-ClientID/c19bce45791146619d4652a3c3f74e99?api-version=7.2","connectVia":{"referenceName":"AutoResolveIntegrationRuntime","type":"IntegrationRuntimeReference"},"method":"GET","headers":{},"authentication":{"type":"MSI","resource":"https://vault.azure.net"}}},{"name":"ClientSecret","type":"WebActivity","dependsOn":[],"policy":{"timeout":"0.12:00:00","retry":0,"retryIntervalInSeconds":30,"secureOutput":false,"secureInput":false},"userProperties":[],"typeProperties":{"url":"https://akv-datasaturdaybr.vault.azure.net/secrets/SP-ClientSecret/817d3090235d4b71aef92c4acace51c6?api-version=7.2","connectVia":{"referenceName":"AutoResolveIntegrationRuntime","type":"IntegrationRuntimeReference"},"method":"GET","headers":{},"authentication":{"type":"MSI","resource":"https://vault.azure.net"}}},{"name":"TenantID","type":"WebActivity","dependsOn":[],"policy":{"timeout":"0.12:00:00","retry":0,"retryIntervalInSeconds":30,"secureOutput":false,"secureInput":false},"userProperties":[],"typeProperties":{"url":"https://akv-datasaturdaybr.vault.azure.net/secrets/SP-TenantID/fd526511015a4575a89c2cf9f3808e73?api-version=7.2","connectVia":{"referenceName":"AutoResolveIntegrationRuntime","type":"IntegrationRuntimeReference"},"method":"GET","headers":{},"authentication":{"type":"MSI","resource":"https://vault.azure.net"}}},{"name":"Token-PowerBI","type":"WebActivity","dependsOn":[{"activity":"ClientID","dependencyConditions":["Succeeded"]},{"activity":"ClientSecret","dependencyConditions":["Succeeded"]},{"activity":"TenantID","dependencyConditions":["Succeeded"]}],"policy":{"timeout":"0.12:00:00","retry":0,"retryIntervalInSeconds":30,"secureOutput":false,"secureInput":false},"userProperties":[],"typeProperties":{"url":{"value":"@concat(\n   'https://login.microsoftonline.com/',\n   activity('TenantID').output.value,\n   '/oauth2/v2.0/token')","type":"Expression"},"connectVia":{"referenceName":"AutoResolveIntegrationRuntime","type":"IntegrationRuntimeReference"},"method":"POST","headers":{"Content-Type":"application/x-www-form-urlencoded"},"body":{"value":"@concat(\nconcat(\n'tenant=tenantid&client_id=',activity('ClientID').output.value,'&\nclient_secret='),activity('ClientSecret').output.value,'&\ngrant_type=client_credentials&scope=https://analysis.windows.net/powerbi/api/.default')","type":"Expression"},"authentication":{"type":"MSI","resource":"https://vault.azure.net"}}},{"name":"RefreshPBI","type":"WebActivity","dependsOn":[{"activity":"Token-PowerBI","dependencyConditions":["Succeeded"]},{"activity":"DatasetID","dependencyConditions":["Succeeded"]},{"activity":"WorkspaceID","dependencyConditions":["Succeeded"]}],"policy":{"timeout":"0.12:00:00","retry":0,"retryIntervalInSeconds":30,"secureOutput":false,"secureInput":false},"userProperties":[],"typeProperties":{"url":{"value":"@concat(\n'https://api.powerbi.com/v1.0/myorg',\n'/groups/',\nactivity('WorkspaceID').output.value,\n'/datasets/',\nactivity('DatasetID').output.value,'/refreshes')","type":"Expression"},"connectVia":{"referenceName":"AutoResolveIntegrationRuntime","type":"IntegrationRuntimeReference"},"method":"POST","headers":{"Authorization":{"value":"@concat(activity('Token-PowerBI').output.token_type,' ',activity('Token-PowerBI').output.access_token)","type":"Expression"}},"body":{}}},{"name":"WorkspaceID","type":"WebActivity","dependsOn":[],"policy":{"timeout":"0.12:00:00","retry":0,"retryIntervalInSeconds":30,"secureOutput":false,"secureInput":false},"userProperties":[],"typeProperties":{"url":"https://akv-datasaturdaybr.vault.azure.net/secrets/PBI-GroupID/e04c863fdbdc418dbd586afcadf879aa?api-version=7.2","connectVia":{"referenceName":"AutoResolveIntegrationRuntime","type":"IntegrationRuntimeReference"},"method":"GET","headers":{},"authentication":{"type":"MSI","resource":"https://vault.azure.net"}}},{"name":"DatasetID","type":"WebActivity","dependsOn":[],"policy":{"timeout":"0.12:00:00","retry":0,"retryIntervalInSeconds":30,"secureOutput":false,"secureInput":false},"userProperties":[],"typeProperties":{"url":"https://akv-datasaturdaybr.vault.azure.net/secrets/PBI-DatasetID/13395bbbefb9483cbc068ce4a6b845fb?api-version=7.2","connectVia":{"referenceName":"AutoResolveIntegrationRuntime","type":"IntegrationRuntimeReference"},"method":"GET","headers":{},"authentication":{"type":"MSI","resource":"https://vault.azure.net"}}}],"policy":{"elapsedTimeMetric":{},"cancelAfter":{}},"folder":{"name":"Best Practices"},"annotations":[],"lastPublishTime":"2022-11-02T02:02:32Z"},"dependsOn":[]}]}