{"$schema":"http://schema.management.azure.com/schemas/2015-01-01/deploymentTemplate.json#","contentVersion":"1.0.0.0","parameters":{"workspaceName":{"type":"string","metadata":"Workspace name","defaultValue":"datasaturdaybrws"},"AzureSQL":{"type":"string"},"datasaturdaybrws-WorkspaceDefaultStorage":{"type":"string"}},"variables":{"workspaceId":"[concat('Microsoft.Synapse/workspaces/', parameters('workspaceName'))]"},"resources":[{"name":"[concat(parameters('workspaceName'), '/03 - Coop Table Partition')]","type":"Microsoft.Synapse/workspaces/pipelines","apiVersion":"2019-06-01-preview","properties":{"activities":[{"name":"Lookup","type":"Lookup","dependsOn":[],"policy":{"timeout":"0.12:00:00","retry":0,"retryIntervalInSeconds":30,"secureOutput":false,"secureInput":false},"userProperties":[],"typeProperties":{"source":{"type":"SqlServerSource","sqlReaderQuery":{"value":"@concat(\n 'SELECT DISTINCT ',\n string(pipeline().parameters.partition), ' FROM ',\n string(pipeline().parameters.schema),\n string(pipeline().parameters.table)\n )","type":"Expression"},"queryTimeout":"02:00:00","partitionOption":"None"},"dataset":{"referenceName":"AzureSQLFixed","type":"DatasetReference","parameters":{}},"firstRowOnly":false}},{"name":"ForEach","type":"ForEach","dependsOn":[{"activity":"Lookup","dependencyConditions":["Succeeded"]}],"userProperties":[],"typeProperties":{"items":{"value":"@array(activity('Lookup').output.value)","type":"Expression"},"activities":[{"name":"Copy Table","type":"Copy","dependsOn":[],"policy":{"timeout":"0.12:00:00","retry":0,"retryIntervalInSeconds":30,"secureOutput":false,"secureInput":false},"userProperties":[],"typeProperties":{"source":{"type":"SqlServerSource","sqlReaderQuery":{"value":"@concat(\n'SELECT * FROM ', \n string(pipeline().parameters.schema),\n string(pipeline().parameters.table),\n ' WHERE ',\n pipeline().parameters.partition,' = ',\n '''',\n  item().Color,\n '''')","type":"Expression"},"queryTimeout":"02:00:00","partitionOption":"None"},"sink":{"type":"ParquetSink","storeSettings":{"type":"AzureBlobFSWriteSettings"},"formatSettings":{"type":"ParquetWriteSettings"}},"enableStaging":false,"translator":{"type":"TabularTranslator","typeConversion":true,"typeConversionSettings":{"allowDataTruncation":true,"treatBooleanAsNumber":false}}},"inputs":[{"referenceName":"AzureSQLFixed","type":"DatasetReference","parameters":{}}],"outputs":[{"referenceName":"ParquetSink","type":"DatasetReference","parameters":{"container":"datalake","directory":"loop-partition","filename":{"value":"@concat('Products_', string(item().Color), string('.parquet'))","type":"Expression"}}}]}]}}],"policy":{"elapsedTimeMetric":{},"cancelAfter":{}},"parameters":{"schema":{"type":"string","defaultValue":"SalesLT."},"table":{"type":"string","defaultValue":"Product"},"partition":{"type":"string","defaultValue":"Color"}},"folder":{"name":"Best Practices"},"annotations":[],"lastPublishTime":"2022-11-02T17:41:04Z"},"dependsOn":["[concat(variables('workspaceId'), '/datasets/AzureSQLFixed')]","[concat(variables('workspaceId'), '/datasets/ParquetSink')]"]},{"name":"[concat(parameters('workspaceName'), '/AzureSQLFixed')]","type":"Microsoft.Synapse/workspaces/datasets","apiVersion":"2019-06-01-preview","properties":{"linkedServiceName":{"referenceName":"[parameters('AzureSQL')]","type":"LinkedServiceReference"},"annotations":[],"type":"SqlServerTable","schema":[],"typeProperties":{"schema":"","table":""}},"dependsOn":[]},{"name":"[concat(parameters('workspaceName'), '/ParquetSink')]","type":"Microsoft.Synapse/workspaces/datasets","apiVersion":"2019-06-01-preview","properties":{"linkedServiceName":{"referenceName":"[parameters('datasaturdaybrws-WorkspaceDefaultStorage')]","type":"LinkedServiceReference"},"parameters":{"container":{"type":"string","defaultValue":"datalake"},"directory":{"type":"string"},"filename":{"type":"string"}},"annotations":[],"type":"Parquet","typeProperties":{"location":{"type":"AzureBlobFSLocation","fileName":{"value":"@dataset().filename","type":"Expression"},"folderPath":{"value":"@dataset().directory","type":"Expression"},"fileSystem":{"value":"@dataset().container","type":"Expression"}},"compressionCodec":"snappy"},"schema":[]},"dependsOn":[]}]}