{"$schema":"http://schema.management.azure.com/schemas/2015-01-01/deploymentTemplate.json#","contentVersion":"1.0.0.0","parameters":{"workspaceName":{"type":"string","metadata":"Workspace name","defaultValue":"datasaturdaybrws"},"datasaturdaybrws-WorkspaceDefaultStorage":{"type":"string"},"AzureSQL":{"type":"string"}},"variables":{"workspaceId":"[concat('Microsoft.Synapse/workspaces/', parameters('workspaceName'))]"},"resources":[{"name":"[concat(parameters('workspaceName'), '/06 - Refresh Power BI Logic App')]","type":"Microsoft.Synapse/workspaces/pipelines","apiVersion":"2019-06-01-preview","properties":{"activities":[{"name":"Copy Table","type":"Copy","dependsOn":[],"policy":{"timeout":"0.12:00:00","retry":0,"retryIntervalInSeconds":30,"secureOutput":false,"secureInput":false},"userProperties":[],"typeProperties":{"source":{"type":"DelimitedTextSource","storeSettings":{"type":"AzureBlobFSReadSettings","recursive":true,"wildcardFileName":"*csv","enablePartitionDiscovery":false},"formatSettings":{"type":"DelimitedTextReadSettings"}},"sink":{"type":"SqlServerSink","preCopyScript":"TRUNCATE TABLE dbo.CustomerInfo","writeBehavior":"insert","sqlWriterUseTableLock":false,"tableOption":"autoCreate"},"enableStaging":false,"translator":{"type":"TabularTranslator","typeConversion":true,"typeConversionSettings":{"allowDataTruncation":true,"treatBooleanAsNumber":false}}},"inputs":[{"referenceName":"DelimitedText","type":"DatasetReference","parameters":{}}],"outputs":[{"referenceName":"AzureSQL","type":"DatasetReference","parameters":{"schema":"dbo","tablename":"CustomerInfo"}}]},{"name":"Web","type":"WebActivity","dependsOn":[{"activity":"Copy Table","dependencyConditions":["Succeeded"]}],"policy":{"timeout":"0.12:00:00","retry":0,"retryIntervalInSeconds":30,"secureOutput":false,"secureInput":false},"userProperties":[],"typeProperties":{"url":"https://prod-27.brazilsouth.logic.azure.com:443/workflows/00236f0c02eb4416961b2f271d5f1819/triggers/manual/paths/invoke?api-version=2016-10-01&sp=%2Ftriggers%2Fmanual%2Frun&sv=1.0&sig=CBvRY0eAIGy5WM33DmNwfBaAvxAgNx3Wa0OX2l5tZu8","connectVia":{"referenceName":"AutoResolveIntegrationRuntime","type":"IntegrationRuntimeReference"},"method":"POST","headers":{},"body":{}}}],"policy":{"elapsedTimeMetric":{},"cancelAfter":{}},"folder":{"name":"Best Practices"},"annotations":[],"lastPublishTime":"2022-11-02T00:59:11Z"},"dependsOn":["[concat(variables('workspaceId'), '/datasets/DelimitedText')]","[concat(variables('workspaceId'), '/datasets/AzureSQL')]"]},{"name":"[concat(parameters('workspaceName'), '/DelimitedText')]","type":"Microsoft.Synapse/workspaces/datasets","apiVersion":"2019-06-01-preview","properties":{"linkedServiceName":{"referenceName":"[parameters('datasaturdaybrws-WorkspaceDefaultStorage')]","type":"LinkedServiceReference"},"annotations":[],"type":"DelimitedText","typeProperties":{"location":{"type":"AzureBlobFSLocation","fileSystem":"datalake"},"columnDelimiter":",","escapeChar":"\\","firstRowAsHeader":true,"quoteChar":"\""},"schema":[{"type":"String"},{"type":"String"},{"type":"String"},{"type":"String"},{"type":"String"}]},"dependsOn":[]},{"name":"[concat(parameters('workspaceName'), '/AzureSQL')]","type":"Microsoft.Synapse/workspaces/datasets","apiVersion":"2019-06-01-preview","properties":{"linkedServiceName":{"referenceName":"[parameters('AzureSQL')]","type":"LinkedServiceReference"},"parameters":{"schema":{"type":"string"},"tablename":{"type":"string"}},"annotations":[],"type":"SqlServerTable","schema":[],"typeProperties":{"schema":{"value":"@dataset().schema","type":"Expression"},"table":{"value":"@dataset().tablename","type":"Expression"}}},"dependsOn":[]}]}