{"$schema":"http://schema.management.azure.com/schemas/2015-01-01/deploymentTemplate.json#","contentVersion":"1.0.0.0","parameters":{"workspaceName":{"type":"string","metadata":"Workspace name","defaultValue":"datasaturdaybrws"},"AzureSQL":{"type":"string"},"datasaturdaybrws-WorkspaceDefaultStorage":{"type":"string"}},"variables":{"workspaceId":"[concat('Microsoft.Synapse/workspaces/', parameters('workspaceName'))]"},"resources":[{"name":"[concat(parameters('workspaceName'), '/05 - Error Message')]","type":"Microsoft.Synapse/workspaces/pipelines","apiVersion":"2019-06-01-preview","properties":{"activities":[{"name":"CopyTable","type":"Copy","dependsOn":[],"policy":{"timeout":"0.12:00:00","retry":0,"retryIntervalInSeconds":30,"secureOutput":false,"secureInput":false},"userProperties":[],"typeProperties":{"source":{"type":"SqlServerSource","queryTimeout":"02:00:00","partitionOption":"None"},"sink":{"type":"ParquetSink","storeSettings":{"type":"AzureBlobFSWriteSettings"},"formatSettings":{"type":"ParquetWriteSettings"}},"enableStaging":false,"translator":{"type":"TabularTranslator","typeConversion":true,"typeConversionSettings":{"allowDataTruncation":true,"treatBooleanAsNumber":false}}},"inputs":[{"referenceName":"AzureSQL","type":"DatasetReference","parameters":{"schema":"SalesLT","tablename":"Product2"}}],"outputs":[{"referenceName":"ParquetSink","type":"DatasetReference","parameters":{"container":"datalake","directory":"timestamp","filename":{"value":"@concat(\n     pipeline().parameters.filename,\n     '_',\n     formatDateTime(\n         convertTimeZone(utcnow(),\n         'UTC',\n          'E. South America Standard Time'), \n          'yyyyMMddHHmmss'),\n      '.csv')","type":"Expression"}}}]},{"name":"Send Mail","type":"WebActivity","dependsOn":[{"activity":"CopyTable","dependencyConditions":["Failed"]}],"policy":{"timeout":"0.12:00:00","retry":0,"retryIntervalInSeconds":30,"secureOutput":false,"secureInput":false},"userProperties":[],"typeProperties":{"url":"https://prod-03.brazilsouth.logic.azure.com:443/workflows/2082291b443744c4ba27d77eb8c42c9a/triggers/manual/paths/invoke?api-version=2016-10-01&sp=%2Ftriggers%2Fmanual%2Frun&sv=1.0&sig=eFD-ieODIx1oivgihEpiZz80LHsX8_ulZzVM7ONlf84","connectVia":{"referenceName":"AutoResolveIntegrationRuntime","type":"IntegrationRuntimeReference"},"method":"POST","headers":{},"body":{"value":"{\n    \"message\" : \"This is a custom dynamic message from your pipeline with run ID @{pipeline().RunId}.\",\n    \"dataFactoryName\" : \"@{pipeline().DataFactory}\", \n    \"pipelineName\" : \"@{pipeline().Pipeline}\", \n    \"receiver\" : \"@{pipeline().parameters.receiver}\",\n   }","type":"Expression"}}}],"policy":{"elapsedTimeMetric":{},"cancelAfter":{}},"parameters":{"filename":{"type":"String","defaultValue":"SalesLT.Product"},"receiver":{"type":"string","defaultValue":"omarianoms@hotmail.com"}},"folder":{"name":"Best Practices"},"annotations":[],"lastPublishTime":"2022-11-02T00:02:21Z"},"dependsOn":["[concat(variables('workspaceId'), '/datasets/AzureSQL')]","[concat(variables('workspaceId'), '/datasets/ParquetSink')]"]},{"name":"[concat(parameters('workspaceName'), '/AzureSQL')]","type":"Microsoft.Synapse/workspaces/datasets","apiVersion":"2019-06-01-preview","properties":{"linkedServiceName":{"referenceName":"[parameters('AzureSQL')]","type":"LinkedServiceReference"},"parameters":{"schema":{"type":"string"},"tablename":{"type":"string"}},"annotations":[],"type":"SqlServerTable","schema":[],"typeProperties":{"schema":{"value":"@dataset().schema","type":"Expression"},"table":{"value":"@dataset().tablename","type":"Expression"}}},"dependsOn":[]},{"name":"[concat(parameters('workspaceName'), '/ParquetSink')]","type":"Microsoft.Synapse/workspaces/datasets","apiVersion":"2019-06-01-preview","properties":{"linkedServiceName":{"referenceName":"[parameters('datasaturdaybrws-WorkspaceDefaultStorage')]","type":"LinkedServiceReference"},"parameters":{"container":{"type":"string","defaultValue":"datalake"},"directory":{"type":"string"},"filename":{"type":"string"}},"annotations":[],"type":"Parquet","typeProperties":{"location":{"type":"AzureBlobFSLocation","fileName":{"value":"@dataset().filename","type":"Expression"},"folderPath":{"value":"@dataset().directory","type":"Expression"},"fileSystem":{"value":"@dataset().container","type":"Expression"}},"compressionCodec":"snappy"},"schema":[]},"dependsOn":[]}]}